,accessories,apparel,appliances,auto,computers,construction,country_yard,electronics,furniture,jewelry,kids,medicine,sport,stationery
0,0.2985912227761379,5.060115606936505,0.18644927834253786,0.25262120815028344,0.014298041705407057,0.09516358877993462,0.2821989246954277,4.856542943457616,1.0432685038591396,8.55687244119999e-15,0.7064831019559301,6.643774072556674e-15,-1.049016958824738e-15,0.04425329520165767
1,1.243574454196434,1.5415632027729158e-14,1.2511278501563683,1.245504352744376,1.3171915355501356,0.025435267780566765,1.230222769165795,0.04780898588743799,1.0490859734788267,1.0879356765739245,0.9971804503064388,1.321557971014462,1.3215579710144731,1.3007451719001277
2,-1.0948512551734248e-15,4.0040602669426384e-16,0.35992967257908287,0.16686119330297428,0.010469140913909493,21.05220944408064,0.29200059330671624,0.08873496324986152,9.028088278818377e-16,3.8687851959361437,2.316152326966276,-1.1863882272422632e-16,5.994382621855645e-16,0.1532644515867839
