,id,age,gender,income,education,loyalty_status,purchase_frequency,purchase_amount,promotion_usage,satisfaction_score,region_East,region_North,region_South,region_West,product_category_Beauty,product_category_Books,product_category_Clothing,product_category_Electronics,product_category_Food,product_category_Health,product_category_Home
0,0.5000347186570462,0.4868890499606301,0.498282847771561,0.4991212322335842,0.34965271078525867,0.23233648466136686,0.32253135249855314,0.33930771258966397,0.30360794906424826,0.5016785645379124,3.808064974464287e-14,0.39837931699787726,-1.609823385706477e-14,0.6016206830021185,0.03804746285934759,0.11313910862435242,0.38537526529036803,0.23110167856452984,0.11680493922438566,0.07790854717345289,0.03762299826355303
1,0.49882114435961133,0.48749121536246626,0.5020615814324662,0.4992845078436154,0.3483740107734249,0.6019152756533886,0.32073551905300296,0.33873119747976516,0.29869654851366584,0.5005087450954312,1.0000000000000355,-9.880984919163893e-15,-1.6819878823071122e-14,1.6708856520608606e-14,0.050342488528296786,0.1481013500033252,0.199807142382124,0.3034182350202835,0.14580700937687052,0.10141650595198504,0.051107268737115324
2,0.5016880559815706,0.4856938984267917,0.49941515581919926,0.5016473306040605,0.3472825632884946,0.999999999999974,0.31678502798897173,0.3402186794079715,0.29643245049711725,0.5005388921380232,3.341771304121721e-14,0.4007853621856514,-1.5709655798445965e-14,0.59921463781435,0.06299607318907197,0.18953128916367618,-3.3584246494910985e-15,0.37404962820619136,0.18443478987383963,0.125908597209458,0.06307962235775684
3,0.499708289067148,0.48584558254263827,0.49613909231305764,0.5020431657782427,0.35233896278583127,0.6016539630349229,0.32192497384546404,0.34006167093870426,0.30553479798734595,0.5012354904598216,2.1593837828959295e-14,1.6986412276764895e-14,0.9999999999999802,-3.6637359812630166e-15,0.05116325412245299,0.14955412743486302,0.19892392766402586,0.29686643750311387,0.1492054002889457,0.10162905395307116,0.052657799033527866
