,Id,Income,Age,Experience,CURRENT_JOB_YRS,CURRENT_HOUSE_YRS,Risk_Flag
count,126000.0,126000.0,126000.0,126000.0,126000.0,126000.0,126000.0
mean,189000.5,4993654.001404762,49.93516666666667,10.059563492063493,6.326507936507936,11.998214285714285,0.1277222222222222
std,36373.21129622734,2880883.8533676774,17.075942179100355,6.008280050897244,3.6490233297171497,1.4016219707454878,0.3337815758550835
min,126001.0,10310.0,21.0,0.0,0.0,10.0,0.0
25%,157500.75,2495998.0,35.0,5.0,3.0,11.0,0.0
50%,189000.5,4993774.0,50.0,10.0,6.0,12.0,0.0
75%,220500.25,7477764.0,65.0,15.0,9.0,13.0,0.0
max,252000.0,9999938.0,79.0,20.0,14.0,14.0,1.0
