,Id,Income,Age,Experience,CURRENT_JOB_YRS,CURRENT_HOUSE_YRS,Risk_Flag
count,126000.0,126000.0,126000.0,126000.0,126000.0,126000.0,126000.0
mean,63000.5,5000579.329246032,49.97297619047619,10.109309523809523,6.3412460317460315,11.997373015873016,0.11827777777777777
std,36373.21129622734,2875743.1347718453,17.05180569221707,5.996814922938882,3.6450811942422456,1.3964526502360388,0.3229380323715191
min,1.0,10310.0,21.0,0.0,0.0,10.0,0.0
25%,31500.75,2507092.0,35.0,5.0,4.0,11.0,0.0
50%,63000.5,5004535.0,50.0,10.0,6.0,12.0,0.0
75%,94500.25,7475587.0,65.0,15.0,9.0,13.0,0.0
max,126000.0,9999180.0,79.0,20.0,14.0,14.0,1.0
